{"cameraMode":{"drawMode":0,"name":"Shaded","section":"Shading Mode"},"sceneLighting":false,"audioPlay":false,"sceneViewState":{"m_AlwaysRefresh":false,"showFog":true,"showSkybox":false,"showFlares":true,"showImageEffects":true,"showParticleSystems":true,"showVisualEffectGraphs":true,"m_FxEnabled":true},"in2DMode":false,"pivot":{"x":-1.7699999809265137,"y":3.7899999618530275,"z":-0.3165479004383087},"rotation":{"x":0.08855325728654862,"y":-0.054351650178432468,"z":-0.004831023048609495,"w":-0.9945904612541199},"size":0.6392426490783691,"orthographic":false}